{
  "$schema": "https://schema.management.azure.com/schemas/2015-01-01/deploymentParameters.json#",
  "contentVersion": "1.0.0.0",
  "parameters": {
    "locationSpoke": {
      "value": ""
    },
    "vnetSpokeName": {
      "value": ""
    },
    "vnetSpokeSuffix": {
      "value": ""
    },
    "subnetSpokeName": {
      "value": ""
    },
    "subnetSpokeSuffix": {
      "value": ""
    },
    "rtName": {
      "value": ""
    },
    "responsibleTag": {
      "value": ""
    },
    "costCenterTag": {
      "value": ""
    }
  }
}